<?xml version="1.0" encoding="UTF-8" ?>
<XMLDB PATH="mod/scheduler/db" VERSION="20071113" COMMENT="XMLDB file for Moodle mod/scheduler"
    xmlns:xsi="http://www.w3.org/2001/XMLSchema-instance"
    xsi:noNamespaceSchemaLocation="../../../lib/xmldb/xmldb.xsd"
>
  <TABLES>
    <TABLE NAME="scheduler" COMMENT="scheduler table retrofitted from MySQL" NEXT="scheduler_slots">
      <FIELDS>
        <FIELD NAME="id" TYPE="int" LENGTH="10" NOTNULL="true" UNSIGNED="true" SEQUENCE="true" ENUM="false" NEXT="course"/>
        <FIELD NAME="course" TYPE="int" LENGTH="10" NOTNULL="true" UNSIGNED="false" DEFAULT="0" SEQUENCE="false" ENUM="false" PREVIOUS="id" NEXT="name"/>
        <FIELD NAME="name" TYPE="char" LENGTH="255" NOTNULL="true" SEQUENCE="false" ENUM="false" PREVIOUS="course" NEXT="description"/>
        <FIELD NAME="description" TYPE="text" LENGTH="small" NOTNULL="true" SEQUENCE="false" ENUM="false" PREVIOUS="name" NEXT="schedulermode"/>
        <FIELD NAME="schedulermode" TYPE="char" LENGTH="10" NOTNULL="false" SEQUENCE="false" ENUM="false" PREVIOUS="description" NEXT="reuseguardtime"/>
        <FIELD NAME="reuseguardtime" TYPE="int" LENGTH="10" NOTNULL="false" UNSIGNED="false" SEQUENCE="false" ENUM="false" PREVIOUS="schedulermode" NEXT="defaultslotduration"/>
        <FIELD NAME="defaultslotduration" TYPE="int" LENGTH="4" NOTNULL="false" UNSIGNED="false" DEFAULT="15" SEQUENCE="false" ENUM="false" PREVIOUS="reuseguardtime" NEXT="allownotifications"/>
        <FIELD NAME="allownotifications" TYPE="int" LENGTH="4" NOTNULL="true" UNSIGNED="false" DEFAULT="0" SEQUENCE="false" ENUM="false" PREVIOUS="defaultslotduration" NEXT="staffrolename"/>
        <FIELD NAME="staffrolename" TYPE="char" LENGTH="40" NOTNULL="true" SEQUENCE="false" ENUM="false" PREVIOUS="allownotifications" NEXT="forcegroupappoint"/>
        <FIELD NAME="forcegroupappoint" TYPE="int" LENGTH="4" NOTNULL="true" UNSIGNED="false" DEFAULT="0" SEQUENCE="false" ENUM="false" PREVIOUS="staffrolename" NEXT="automaticslots"/>
        <FIELD NAME="automaticslots" TYPE="int" LENGTH="4" NOTNULL="true" UNSIGNED="false" DEFAULT="0" SEQUENCE="false" ENUM="false" PREVIOUS="forcegroupappoint" NEXT="scale"/>
        <FIELD NAME="scale" TYPE="int" LENGTH="10" NOTNULL="true" UNSIGNED="false" DEFAULT="0" SEQUENCE="false" ENUM="false" PREVIOUS="automaticslots" NEXT="gradingstrategy"/>
        <FIELD NAME="gradingstrategy" TYPE="int" LENGTH="2" NOTNULL="true" UNSIGNED="false" DEFAULT="0" SEQUENCE="false" ENUM="false" PREVIOUS="scale" NEXT="timemodified"/>
        <FIELD NAME="timemodified" TYPE="int" LENGTH="10" NOTNULL="true" UNSIGNED="false" DEFAULT="0" SEQUENCE="false" ENUM="false" PREVIOUS="gradingstrategy"/>
      </FIELDS>
      <KEYS>
        <KEY NAME="primary" TYPE="primary" FIELDS="id" COMMENT="Primary key for scheduler"/>
      </KEYS>
    </TABLE>
    <TABLE NAME="scheduler_slots" COMMENT="scheduler_slots table retrofitted from MySQL" PREVIOUS="scheduler" NEXT="scheduler_appointment">
      <FIELDS>
        <FIELD NAME="id" TYPE="int" LENGTH="10" NOTNULL="true" UNSIGNED="true" SEQUENCE="true" ENUM="false" NEXT="schedulerid"/>
        <FIELD NAME="schedulerid" TYPE="int" LENGTH="10" NOTNULL="true" UNSIGNED="false" DEFAULT="0" SEQUENCE="false" ENUM="false" PREVIOUS="id" NEXT="starttime"/>
        <FIELD NAME="starttime" TYPE="int" LENGTH="10" NOTNULL="true" UNSIGNED="false" DEFAULT="0" SEQUENCE="false" ENUM="false" PREVIOUS="schedulerid" NEXT="duration"/>
        <FIELD NAME="duration" TYPE="int" LENGTH="10" NOTNULL="true" UNSIGNED="false" DEFAULT="0" SEQUENCE="false" ENUM="false" PREVIOUS="starttime" NEXT="teacherid"/>
        <FIELD NAME="teacherid" TYPE="int" LENGTH="11" NOTNULL="false" UNSIGNED="false" DEFAULT="0" SEQUENCE="false" ENUM="false" PREVIOUS="duration" NEXT="appointmentlocation"/>
        <FIELD NAME="appointmentlocation" TYPE="char" LENGTH="50" NOTNULL="true" SEQUENCE="false" ENUM="false" PREVIOUS="teacherid" NEXT="reuse"/>
        <FIELD NAME="reuse" TYPE="int" LENGTH="5" NOTNULL="false" UNSIGNED="true" DEFAULT="0" SEQUENCE="false" ENUM="false" PREVIOUS="appointmentlocation" NEXT="timemodified"/>
        <FIELD NAME="timemodified" TYPE="int" LENGTH="10" NOTNULL="true" UNSIGNED="false" DEFAULT="0" SEQUENCE="false" ENUM="false" PREVIOUS="reuse" NEXT="notes"/>
        <FIELD NAME="notes" TYPE="text" LENGTH="small" NOTNULL="false" SEQUENCE="false" ENUM="false" PREVIOUS="timemodified" NEXT="exclusivity"/>
        <FIELD NAME="exclusivity" TYPE="int" LENGTH="4" NOTNULL="true" UNSIGNED="true" DEFAULT="1" SEQUENCE="false" ENUM="false" PREVIOUS="notes" NEXT="groupid"/>
        <FIELD NAME="groupid" TYPE="int" LENGTH="10" NOTNULL="false" UNSIGNED="true" DEFAULT="0" SEQUENCE="false" ENUM="false" PREVIOUS="exclusivity" NEXT="emaildate"/>
        <FIELD NAME="emaildate" TYPE="int" LENGTH="11" NOTNULL="false" UNSIGNED="false" DEFAULT="0" SEQUENCE="false" ENUM="false" PREVIOUS="groupid" NEXT="hideuntil"/>
        <FIELD NAME="hideuntil" TYPE="int" LENGTH="11" NOTNULL="false" UNSIGNED="false" DEFAULT="0" SEQUENCE="false" ENUM="false" PREVIOUS="emaildate"/>
      </FIELDS>
      <KEYS>
        <KEY NAME="primary" TYPE="primary" FIELDS="id" COMMENT="Primary key for scheduler_slots"/>
      </KEYS>
    </TABLE>
    <TABLE NAME="scheduler_appointment" COMMENT="scheduler_appointment table retrofitted from MySQL" PREVIOUS="scheduler_slots" NEXT="scheduler_automaticslots" >
      <FIELDS>
        <FIELD NAME="id" TYPE="int" LENGTH="11" NOTNULL="true" UNSIGNED="true" SEQUENCE="true" ENUM="false" NEXT="slotid"/>
        <FIELD NAME="slotid" TYPE="int" LENGTH="11" NOTNULL="true" UNSIGNED="false" SEQUENCE="false" ENUM="false" PREVIOUS="id" NEXT="studentid"/>
        <FIELD NAME="studentid" TYPE="int" LENGTH="11" NOTNULL="true" UNSIGNED="false" SEQUENCE="false" ENUM="false" PREVIOUS="slotid" NEXT="attended"/>
        <FIELD NAME="attended" TYPE="int" LENGTH="4" NOTNULL="true" UNSIGNED="false" SEQUENCE="false" ENUM="false" PREVIOUS="studentid" NEXT="grade"/>
        <FIELD NAME="grade" TYPE="int" LENGTH="4" NOTNULL="false" UNSIGNED="false" SEQUENCE="false" ENUM="false" PREVIOUS="attended" NEXT="appointmentnote"/>
        <FIELD NAME="appointmentnote" TYPE="text" LENGTH="small" NOTNULL="false" SEQUENCE="false" ENUM="false" PREVIOUS="grade" NEXT="timecreated"/>
        <FIELD NAME="timecreated" TYPE="int" LENGTH="11" NOTNULL="false" UNSIGNED="false" SEQUENCE="false" ENUM="false" PREVIOUS="appointmentnote" NEXT="timemodified"/>
        <FIELD NAME="timemodified" TYPE="int" LENGTH="11" NOTNULL="false" UNSIGNED="false" SEQUENCE="false" ENUM="false" PREVIOUS="timecreated"/>
      </FIELDS>
      <KEYS>
        <KEY NAME="primary" TYPE="primary" FIELDS="id" COMMENT="Primary key for scheduler_appointment"/>
      </KEYS>
    </TABLE>
    <TABLE NAME="scheduler_automaticslots" COMMENT="weekly slots template per teacher" PREVIOUS="scheduler_appointment" >
      <FIELDS>
        <FIELD NAME="id" TYPE="int" LENGTH="10" NOTNULL="true" UNSIGNED="true" SEQUENCE="true" ENUM="false" NEXT="schedulerid"/>
        <FIELD NAME="schedulerid" TYPE="int" LENGTH="10" NOTNULL="true" UNSIGNED="false" DEFAULT="0" SEQUENCE="false" ENUM="false" PREVIOUS="id" NEXT="starttime"/>
        <FIELD NAME="starttime" TYPE="int" LENGTH="10" NOTNULL="true" UNSIGNED="false" DEFAULT="0" SEQUENCE="false" ENUM="false" PREVIOUS="schedulerid" NEXT="duration"/>
        <FIELD NAME="duration" TYPE="int" LENGTH="10" NOTNULL="true" UNSIGNED="false" DEFAULT="0" SEQUENCE="false" ENUM="false" PREVIOUS="starttime" NEXT="teacherid"/>
        <FIELD NAME="teacherid" TYPE="int" LENGTH="10" NOTNULL="false" UNSIGNED="false" DEFAULT="0" SEQUENCE="false" ENUM="false" PREVIOUS="duration" NEXT="exclusivity"/>
        <FIELD NAME="exclusivity" TYPE="int" LENGTH="4" NOTNULL="true" UNSIGNED="true" DEFAULT="1" SEQUENCE="false" ENUM="false" PREVIOUS="teacherid" NEXT="appointmentlocation"/>
        <FIELD NAME="appointmentlocation" TYPE="char" LENGTH="50" NOTNULL="true" SEQUENCE="false" ENUM="false" PREVIOUS="exclusivity" NEXT="timemodified"/>
        <FIELD NAME="timemodified" TYPE="int" LENGTH="10" NOTNULL="true" UNSIGNED="false" DEFAULT="0" SEQUENCE="false" ENUM="false" PREVIOUS="appointmentlocation"/>
      </FIELDS>
      <KEYS>
        <KEY NAME="primary" TYPE="primary" FIELDS="id" COMMENT="Primary key for scheduler_slots"/>
      </KEYS>
    </TABLE>


  </TABLES>
</XMLDB>